,image_ID,label
0,f5e13966e7.jpg,Soccer
1,6674191b4e.jpg,Badminton
2,91b5f8b7a9.jpg,Tennis
3,393119b6d6.jpg,Cricket
4,1ce5f81578.jpg,Tennis
5,8c9e95eb59.jpg,Tennis
6,f5c4a3ece2.jpg,Cricket
7,a7a22f6620.jpg,Tennis
8,821464f525.jpg,Swimming
9,29c70c8531.jpg,Soccer
10,f99dcdcdac.jpg,Swimming
11,58b8d567a2.jpg,Soccer
12,5fbcd907ac.jpg,Tennis
13,d8690610b7.jpg,Cricket
14,3e591b7256.jpg,Wrestling
15,c5065.jpg,Swimming
16,ae1e0697c2.jpg,Soccer
17,b8acab470f.jpg,Soccer
18,6f17058e16.jpg,Cricket
19,94f723c3a8.jpg,Cricket
20,d502726386.jpg,Cricket
21,f50ed5556e.jpg,Wrestling
22,5c1ffc10ae.jpg,Wrestling
23,f1cccfa008.jpg,Badminton
24,9603bc4d5c.jpg,Wrestling
25,4332b05fa1.jpg,Karate
26,6102103602.jpg,Soccer
27,8bc72b9d92.jpg,Badminton
28,8a8be9a84a.jpg,Cricket
29,697fbcd913.jpg,Wrestling
30,ff678059be.jpg,Soccer
31,158c0604f5.jpg,Badminton
32,c1ba535509.jpg,Cricket
33,3563774f0b.jpg,Swimming
34,ca7e997ca9.jpg,Soccer
35,094d51e775.jpg,Tennis
36,3c51b6fd9b.jpg,Wrestling
37,443225bdfa.jpg,Cricket
38,dfc7e83003.jpg,Badminton
39,0432543264.jpg,Swimming
40,b290d60b6e.jpg,Badminton
41,2358575b3a.jpg,Tennis
42,b8b90eaa84.jpg,Badminton
43,2633d9c6d5.jpg,Badminton
44,1f40f8e919.jpg,Cricket
45,ea0be4fa1e.jpg,Tennis
46,4c02df673d.jpg,Soccer
47,2c0fa18414.jpg,Tennis
48,d5773bc10b.jpg,Badminton
49,a7ab7a4457.jpg,Badminton
50,12ab916f43.jpg,Cricket
51,284c7c3962.jpg,Tennis
52,02bb3f939c.jpg,Tennis
53,fce00b7d8e.jpg,Badminton
54,b9cf70182d.jpg,Cricket
55,ea6c132654.jpg,Soccer
56,5d904a119b.jpg,Swimming
57,1fc178b1ba.jpg,Soccer
58,9449bbced6.jpg,Cricket
59,0253d388e8.jpg,Tennis
60,d013f3eaad.jpg,Wrestling
61,2fdf7198de.jpg,Karate
62,9e92280b0f.jpg,Soccer
63,85c2aa4aef.jpg,Badminton
64,f1e2f8e518.jpg,Badminton
65,bcd2b6e47d.jpg,Badminton
66,10c52746f1.jpg,Cricket
67,047bee516b.jpg,Karate
68,de2592e4a9.jpg,Tennis
69,a4b717b0e4.jpg,Badminton
70,79273c3d3f.jpg,Soccer
71,b1a0aeb6b9.jpg,Karate
72,ef46a5f464.jpg,Wrestling
73,46bcdaf13a.jpg,Cricket
74,ae96bbf4b9.jpg,Wrestling
75,36708ac733.jpg,Soccer
76,4e61ea0ae2.jpg,Wrestling
77,501d7933c5.jpg,Tennis
78,95951579b8.jpg,Soccer
79,902a278d61.jpg,Wrestling
80,509ebf97c4.jpg,Karate
81,e0949da56a.jpg,Soccer
82,ac6a288656.jpg,Wrestling
83,148accb9df.jpg,Tennis
84,e237b57f3f.jpg,Badminton
85,d13fb4951d.jpg,Karate
86,3859142fe4.jpg,Tennis
87,521f5667c3.jpg,Karate
88,35cfa832dc.jpg,Cricket
89,e7b424d5f6.jpg,Tennis
90,c23.jpg,Cricket
91,111535acc7.jpg,Swimming
92,832d297bd0.jpg,Karate
93,c0ad0677d7.jpg,Tennis
94,537af2804c.jpg,Badminton
95,9ee1c03c35.jpg,Badminton
96,20981dfad1.jpg,Badminton
97,decc6bbca8.jpg,Tennis
98,85660e39f5.jpg,Tennis
99,cefb33b817.jpg,Badminton
100,540bb1ee2d.jpg,Badminton
101,2112eb3e5b.jpg,Wrestling
102,a874d63c4c.jpg,Soccer
103,c02f55d9d7.jpg,Badminton
104,ff2b77899b.jpg,Badminton
105,6b0f793f80.jpg,Badminton
106,bfc234d1f5.jpg,Wrestling
107,a9ae70ab73.jpg,Tennis
108,e64660380b.jpg,Karate
109,dfcb666720.jpg,Karate
110,aa89d05f07.jpg,Wrestling
111,94d8290643.jpg,Cricket
112,067dcbeb6e.jpg,Tennis
113,f41bbee60c.jpg,Tennis
114,4a79ecd1bc.jpg,Soccer
115,05a48a20a3.jpg,Badminton
116,c5046.jpg,Cricket
117,acc6e40b0e.jpg,Tennis
118,fcefc8cf2e.jpg,Swimming
119,feec680f6c.jpg,Soccer
120,6213fa0a56.jpg,Wrestling
121,1c7ee23faa.jpg,Badminton
122,9a57609225.jpg,Badminton
123,1215aae97f.jpg,Soccer
124,d30f763173.jpg,Badminton
125,b7bb53fefd.jpg,Swimming
126,f7e877ef5f.jpg,Cricket
127,c74f8a9bed.jpg,Badminton
128,f7b0dea3a9.jpg,Tennis
129,0e471ed376.jpg,Badminton
130,7d7f2e4fac.jpg,Soccer
131,660f58688c.jpg,Tennis
132,df6bee21e5.jpg,Tennis
133,a3116c25a6.jpg,Cricket
134,95cdaa156a.jpg,Tennis
135,169be9bfda.jpg,Soccer
136,966e7277da.jpg,Badminton
137,a6b76b2afb.jpg,Badminton
138,caa18e0a8e.jpg,Badminton
139,cadc80f2aa.jpg,Cricket
140,00f9a096fe.jpg,Cricket
141,c372890846.jpg,Karate
142,56f9125e90.jpg,Cricket
143,491529dc2a.jpg,Soccer
144,34bbf1ab6a.jpg,Swimming
145,68facb8827.jpg,Badminton
146,fef303a422.jpg,Cricket
147,fad6b8d230.jpg,Soccer
148,9c446b3fbf.jpg,Wrestling
149,33c9a9e430.jpg,Cricket
150,2fa8831d62.jpg,Soccer
151,7c05d0b1b9.jpg,Soccer
152,f57a94ceca.jpg,Tennis
153,2a709d9c30.jpg,Cricket
154,7cdf6d4a6e.jpg,Soccer
155,dd9ee2cd32.jpg,Swimming
156,261924c60e.jpg,Badminton
157,aad7ba764c.jpg,Badminton
158,e201969cd7.jpg,Swimming
159,8a991aabfb.jpg,Cricket
160,4eb570fae2.jpg,Tennis
161,88af48aa4a.jpg,Karate
162,4aeb93c49b.jpg,Cricket
163,446a9791ef.jpg,Badminton
164,c17d54f9e3.jpg,Tennis
165,5789baf695.jpg,Badminton
166,bd07a62f03.jpg,Soccer
167,49c409642c.jpg,Wrestling
168,8840df7cc4.jpg,Badminton
169,413e53070f.jpg,Soccer
170,66c75b0621.jpg,Tennis
171,90812e3b0c.jpg,Badminton
172,9fddbaf4ac.jpg,Tennis
173,722b00ccf3.jpg,Soccer
174,c972d59128.jpg,Tennis
175,27ccf4d626.jpg,Wrestling
176,0886a038ef.jpg,Swimming
177,026ed5c7a0.jpg,Tennis
178,a899cc9d22.jpg,Wrestling
179,2ba34dfe03.jpg,Wrestling
180,bfe467928c.jpg,Badminton
181,68d9ff7d2b.jpg,Badminton
182,2142dbc515.jpg,Cricket
183,fb9a5d4675.jpg,Badminton
184,1f77b2f7ef.jpg,Cricket
185,74304b545e.jpg,Karate
186,c1b545814f.jpg,Soccer
187,93f6573751.jpg,Karate
188,7037a0ab8b.jpg,Tennis
189,ec98520bdd.jpg,Badminton
190,98cbf85438.jpg,Wrestling
191,8b8128005b.jpg,Wrestling
192,9339e3f4dc.jpg,Badminton
193,6f502e7a79.jpg,Tennis
194,f7733c876a.jpg,Wrestling
195,0668af9642.jpg,Soccer
196,b056f1f9bd.jpg,Badminton
197,5e2050af87.jpg,Wrestling
198,a05b4f2bc1.jpg,Tennis
199,b124.jpg,Badminton
200,758525ccc5.jpg,Tennis
201,23035dc30b.jpg,Tennis
202,9f965c9526.jpg,Wrestling
203,eab9454e3b.jpg,Wrestling
204,35583a7676.jpg,Badminton
205,bbbdb9e4d2.jpg,Cricket
206,365eeae25b.jpg,Badminton
207,5f3dc6b9d1.jpg,Swimming
208,b35b49c645.jpg,Badminton
209,160240c80a.jpg,Soccer
210,4c41436efd.jpg,Wrestling
211,7f537b277c.jpg,Wrestling
212,4822600ff3.jpg,Badminton
213,1a477f74b9.jpg,Cricket
214,6b21d59ab1.jpg,Cricket
215,b754f37487.jpg,Badminton
216,1afdd97bab.jpg,Wrestling
217,b32.jpg,Badminton
218,cd504d19f5.jpg,Swimming
219,110c07b91b.jpg,Soccer
220,e7bc17847d.jpg,Karate
221,b104.jpg,Badminton
222,21179ebce1.jpg,Badminton
223,78cf7f50ef.jpg,Wrestling
224,7b7dae8975.jpg,Tennis
225,ed1b784285.jpg,Wrestling
226,a23a6e528d.jpg,Tennis
227,b119.jpg,Badminton
228,d022fdde52.jpg,Tennis
229,e634492a78.jpg,Swimming
230,c3013.jpg,Tennis
231,d5544e90aa.jpg,Karate
232,7fc4b21607.jpg,Tennis
233,0e92461355.jpg,Badminton
234,eb77a1f71c.jpg,Soccer
235,f44432f7e1.jpg,Tennis
236,768b1e3a89.jpg,Tennis
237,180f710896.jpg,Soccer
238,e5c92f5806.jpg,Soccer
239,976e8009cd.jpg,Soccer
240,37d87c4a9c.jpg,Karate
241,9547023144.jpg,Badminton
242,c96f8ae479.jpg,Swimming
243,5a61989e09.jpg,Badminton
244,8ec0adf8ce.jpg,Badminton
245,0d2bc8a6cc.jpg,Tennis
246,b64d548795.jpg,Tennis
247,2fd5ba9dad.jpg,Swimming
248,3f52a6901f.jpg,Cricket
249,9b77a9a056.jpg,Wrestling
250,ad1d8c62ec.jpg,Wrestling
251,8fd10f96f1.jpg,Karate
252,a181daf0af.jpg,Badminton
253,e0ce8e7c4e.jpg,Tennis
254,a861b41220.jpg,Soccer
255,7b15dbfa37.jpg,Badminton
256,0fca6fc7bb.jpg,Soccer
257,5655ce129d.jpg,Soccer
258,cf9e66bdb4.jpg,Wrestling
259,76aa04aa18.jpg,Soccer
260,9d12b35255.jpg,Badminton
261,f920a2117d.jpg,Cricket
262,c8012.jpg,Wrestling
263,56b5141f10.jpg,Cricket
264,c40199920a.jpg,Badminton
265,df8941cfa7.jpg,Soccer
266,bbe329b681.jpg,Wrestling
267,919e9b5587.jpg,Badminton
268,9357e19dc5.jpg,Badminton
269,3fa6a74d75.jpg,Karate
270,c9d7a1b3ff.jpg,Wrestling
271,fee8369cf8.jpg,Cricket
272,cb5b1fb769.jpg,Tennis
273,1835c68967.jpg,Tennis
274,9550056194.jpg,Badminton
275,074427b011.jpg,Tennis
276,880421e877.jpg,Wrestling
277,215a647085.jpg,Cricket
278,139e108a14.jpg,Tennis
279,5f8b51376e.jpg,Swimming
280,82132ec2ad.jpg,Soccer
281,9cdf482fdd.jpg,Wrestling
282,0a7f6a13fb.jpg,Badminton
283,3ded4e7e6a.jpg,Badminton
284,fea989c7ca.jpg,Cricket
285,8b1f41b176.jpg,Cricket
286,99aa1be03e.jpg,Wrestling
287,6bc2fc859e.jpg,Tennis
288,98baa5bbfa.jpg,Swimming
289,3719bdc0bc.jpg,Soccer
290,157c299a95.jpg,Swimming
291,9012490854.jpg,Wrestling
292,3ba086fb6c.jpg,Cricket
293,63452153e7.jpg,Wrestling
294,463cfbe735.jpg,Swimming
295,c762fe308e.jpg,Cricket
296,730a467265.jpg,Badminton
297,bf9c367b70.jpg,Badminton
298,90182cfa3a.jpg,Soccer
299,193d1a0aeb.jpg,Tennis
300,cf57fea014.jpg,Karate
301,94349c5f99.jpg,Cricket
302,b47baa03f3.jpg,Badminton
303,c3065.jpg,Tennis
304,6ec3e0f92b.jpg,Swimming
305,996e2d16b2.jpg,Wrestling
306,61aca28ba9.jpg,Swimming
307,44a0e49d36.jpg,Cricket
308,8556f08bdd.jpg,Cricket
309,c3070.jpg,Tennis
310,ca8f12bc7a.jpg,Badminton
311,6f0521ebb0.jpg,Wrestling
312,ade8502879.jpg,Wrestling
313,ea233d6780.jpg,Wrestling
314,7c02cb9203.jpg,Badminton
315,13701746c0.jpg,Soccer
316,3b97e9da2f.jpg,Soccer
317,c8845963a2.jpg,Soccer
318,3be1bdb086.jpg,Karate
319,e5242623f6.jpg,Badminton
320,e6cfd99252.jpg,Cricket
321,d4b99305de.jpg,Soccer
322,851a152c30.jpg,Cricket
323,29f8155388.jpg,Cricket
324,5ec100f485.jpg,Tennis
325,f7a3450cf3.jpg,Soccer
326,cc47f0ae02.jpg,Tennis
327,97b34670c4.jpg,Tennis
328,127697edd4.jpg,Cricket
329,91d79931cd.jpg,Soccer
330,c072528c17.jpg,Cricket
331,2d0076e468.jpg,Badminton
332,563e7773b6.jpg,Soccer
333,64cbd12680.jpg,Tennis
334,af02bd31cd.jpg,Cricket
335,b9da65d5d6.jpg,Wrestling
336,eaa5d144da.jpg,Soccer
337,7ef9dd9ee5.jpg,Soccer
338,fcdf0a1773.jpg,Tennis
339,b87.jpg,Badminton
340,a5a5ed90fb.jpg,Badminton
341,43b51aa9ce.jpg,Tennis
342,2dc03269e9.jpg,Tennis
343,8776eca218.jpg,Badminton
344,7370ac037b.jpg,Wrestling
345,79fdaa06f4.jpg,Tennis
346,fec63ba16d.jpg,Tennis
347,03345fcf40.jpg,Tennis
348,3e20926e5c.jpg,Badminton
349,2cadadcb55.jpg,Wrestling
350,a1b1a62e36.jpg,Badminton
351,dd15a92ce3.jpg,Swimming
352,a3d0be05f1.jpg,Wrestling
353,225731cfb6.jpg,Swimming
354,204e087ad6.jpg,Badminton
355,bd893090c5.jpg,Tennis
356,1b18651515.jpg,Karate
357,840f3d2df7.jpg,Badminton
358,8aad9cfd08.jpg,Soccer
359,96142154de.jpg,Karate
360,de2a24a38b.jpg,Wrestling
361,54fd8c575f.jpg,Cricket
362,e9f78e33c6.jpg,Swimming
363,a80a26a941.jpg,Tennis
364,2574b15b63.jpg,Cricket
365,6f8e6d81cb.jpg,Swimming
366,5c67cce212.jpg,Tennis
367,688d6002da.jpg,Karate
368,85e75ac1ba.jpg,Badminton
369,bd96ee6a11.jpg,Karate
370,ff65854401.jpg,Cricket
371,9b695460eb.jpg,Soccer
372,27c5951e62.jpg,Soccer
373,d666848bb8.jpg,Tennis
374,25abca89d7.jpg,Wrestling
375,3817993365.jpg,Tennis
376,bfe6ec14e0.jpg,Wrestling
377,a8deba7eaa.jpg,Badminton
378,8acf93805c.jpg,Karate
379,0857591337.jpg,Cricket
380,69d121f94f.jpg,Cricket
381,1e982ce589.jpg,Swimming
382,23b58d7845.jpg,Tennis
383,2386d776b7.jpg,Soccer
384,a0e026567f.jpg,Tennis
385,802d0db61d.jpg,Wrestling
386,e173336bac.jpg,Wrestling
387,bcdc7d1b19.jpg,Tennis
388,eb23116876.jpg,Badminton
389,3ff76a89ab.jpg,Badminton
390,e0849bb133.jpg,Tennis
391,27f63cbb03.jpg,Wrestling
392,f98a5e3083.jpg,Wrestling
393,2c0fc2b421.jpg,Wrestling
394,81aa109306.jpg,Tennis
395,b5.jpg,Badminton
396,0d3b02ebca.jpg,Tennis
397,045dd27f51.jpg,Wrestling
398,ecdcc0bf7b.jpg,Tennis
399,0646b77820.jpg,Badminton
400,8c6e3d98eb.jpg,Swimming
401,851dbc442e.jpg,Wrestling
402,85c0a5471e.jpg,Wrestling
403,697e51f817.jpg,Badminton
404,b004612ecf.jpg,Tennis
405,1f1e9d5c02.jpg,Tennis
406,c8007.jpg,Cricket
407,2340f2454f.jpg,Soccer
408,531e2e9a64.jpg,Cricket
409,2bcbd2e0ff.jpg,Karate
410,0b04a0293f.jpg,Tennis
411,a593c0f0f8.jpg,Soccer
412,3f0d54e833.jpg,Soccer
413,bf3a500081.jpg,Wrestling
414,c1005.jpg,Karate
415,22bc7d0f64.jpg,Cricket
416,b2a64302a4.jpg,Cricket
417,7672e6671b.jpg,Soccer
418,9d4858daae.jpg,Wrestling
419,b76b84421a.jpg,Badminton
420,6bdbf7a681.jpg,Badminton
421,4500a1998e.jpg,Tennis
422,13eae31124.jpg,Wrestling
423,ddada5fc0b.jpg,Tennis
424,8aced4f7aa.jpg,Wrestling
425,6daaa8cc80.jpg,Soccer
426,f99cff5628.jpg,Tennis
427,f08948d00d.jpg,Karate
428,5ec7cebd73.jpg,Tennis
429,27d003747f.jpg,Soccer
430,ee757727a1.jpg,Swimming
431,55dccb8c14.jpg,Cricket
432,e2be4b46af.jpg,Soccer
433,0fc995a349.jpg,Wrestling
434,4c5c288c0d.jpg,Karate
435,1ecdc41913.jpg,Tennis
436,e3810a0941.jpg,Karate
437,a531418a5b.jpg,Badminton
438,972aab3209.jpg,Karate
439,240df9435e.jpg,Tennis
440,2067b29127.jpg,Tennis
441,ae66cbf33a.jpg,Karate
442,88e4ffcfde.jpg,Soccer
443,2dccb9ad72.jpg,Swimming
444,550638f455.jpg,Tennis
445,ba8854c976.jpg,Soccer
446,f139f2338a.jpg,Badminton
447,bf386274b1.jpg,Wrestling
448,c3043.jpg,Tennis
449,422f4e5200.jpg,Cricket
450,10517fff80.jpg,Wrestling
451,b11a4a5eac.jpg,Cricket
452,24a947de09.jpg,Soccer
453,4264ff86d3.jpg,Cricket
454,16400d9513.jpg,Soccer
455,058f8aa5eb.jpg,Tennis
456,d0af8dead8.jpg,Badminton
457,c81216d146.jpg,Badminton
458,1699293461.jpg,Cricket
459,d517646ca4.jpg,Cricket
460,5714adce1b.jpg,Tennis
461,e13c446c19.jpg,Tennis
462,501cf55da6.jpg,Soccer
463,12c0241f6e.jpg,Cricket
464,fd366e14df.jpg,Tennis
465,b5c2d5f96d.jpg,Soccer
466,e4c9cdce9e.jpg,Soccer
467,a47f0cd769.jpg,Tennis
468,183f041e0d.jpg,Wrestling
469,7dda610569.jpg,Soccer
470,3b6aa7f0a2.jpg,Wrestling
471,a608119fe3.jpg,Badminton
472,ece5a9f705.jpg,Tennis
473,f8df82cba2.jpg,Tennis
474,b92.jpg,Badminton
475,af64fcbd26.jpg,Soccer
476,f68e319230.jpg,Wrestling
477,9a7f75e22a.jpg,Tennis
478,0a19836901.jpg,Tennis
479,354e921c73.jpg,Soccer
480,6f8cec3c35.jpg,Soccer
481,29bf37cb76.jpg,Badminton
482,154c22f45f.jpg,Badminton
483,ebf836e2b0.jpg,Cricket
484,644a147ca1.jpg,Tennis
485,cebbaa3285.jpg,Badminton
486,fb7d6e5c92.jpg,Soccer
487,0e5c28b872.jpg,Cricket
488,19522cfd0f.jpg,Soccer
489,7c63ddc81e.jpg,Tennis
490,f8d449b011.jpg,Karate
491,58dfd51541.jpg,Wrestling
492,929d012790.jpg,Soccer
493,dcfc0f32ad.jpg,Wrestling
494,f5b2906981.jpg,Badminton
495,773447a306.jpg,Tennis
496,6cbeace04b.jpg,Badminton
497,2c44e1ef70.jpg,Cricket
498,cc3b3f2a8b.jpg,Tennis
499,c5.jpg,Cricket
500,45e26383d8.jpg,Badminton
501,62e54c0e72.jpg,Badminton
502,5925a2150a.jpg,Wrestling
503,cc136abfb3.jpg,Soccer
504,0b3774ded8.jpg,Cricket
505,c45bc3babb.jpg,Tennis
506,186a67ca10.jpg,Cricket
507,89686a3f14.jpg,Badminton
508,edafa8d1de.jpg,Swimming
509,55029f530c.jpg,Swimming
510,186a5934ba.jpg,Soccer
511,5c47bae9ae.jpg,Cricket
512,c078a4f148.jpg,Tennis
513,775762280a.jpg,Tennis
514,9dfcd5f165.jpg,Tennis
515,01b33ff026.jpg,Badminton
516,3feaa3aeeb.jpg,Cricket
517,ef346d95e2.jpg,Tennis
518,b07060a4b2.jpg,Badminton
519,6aa8c42443.jpg,Cricket
520,be40e6042b.jpg,Tennis
521,cec3591e7e.jpg,Cricket
522,adee8f6f05.jpg,Badminton
523,f0102113ce.jpg,Tennis
524,03fc6b05c9.jpg,Karate
525,65295cfce6.jpg,Cricket
526,f6f839cd1e.jpg,Badminton
527,71206678fc.jpg,Swimming
528,77f345b2fc.jpg,Tennis
529,6c7a6e6e96.jpg,Tennis
530,64ff966eee.jpg,Badminton
531,cd2cc4fe51.jpg,Wrestling
532,7bf7df6391.jpg,Badminton
533,abc16341ee.jpg,Wrestling
534,089fa227f9.jpg,Cricket
535,677c6b417e.jpg,Karate
536,fc856e9a27.jpg,Cricket
537,b23101959d.jpg,Badminton
538,87a4bace90.jpg,Karate
539,e36fdadb6a.jpg,Tennis
540,23c33e47be.jpg,Soccer
541,00b1df8c4f.jpg,Badminton
542,b55a647735.jpg,Tennis
543,2dec0daa97.jpg,Cricket
544,8b8a475cbb.jpg,Cricket
545,768b57b93c.jpg,Tennis
546,32c4aef61d.jpg,Soccer
547,edc6eb0e20.jpg,Cricket
548,032375da4a.jpg,Tennis
549,f4f0d2316c.jpg,Wrestling
550,ae902e41b1.jpg,Badminton
551,e3afd8e919.jpg,Wrestling
552,c176b40d8a.jpg,Soccer
553,7cbdefdae0.jpg,Soccer
554,7654597e31.jpg,Badminton
555,cc6222078a.jpg,Badminton
556,a2eef9dc62.jpg,Badminton
557,e65c214f2b.jpg,Tennis
558,828ff29e92.jpg,Karate
559,7ee595c1b7.jpg,Badminton
560,d22a7bd173.jpg,Wrestling
561,7420c7ec90.jpg,Wrestling
562,d03ca3ee7f.jpg,Swimming
563,8dd3dd78a7.jpg,Badminton
564,8009633c23.jpg,Soccer
565,b67a629bb4.jpg,Wrestling
566,396069fae1.jpg,Karate
567,fdd56dbac7.jpg,Cricket
568,8bfc70ddca.jpg,Karate
569,7cc5e4fc2f.jpg,Tennis
570,31dd1c2581.jpg,Wrestling
571,820ad9b8b9.jpg,Swimming
572,6e270e34db.jpg,Cricket
573,f72c935873.jpg,Tennis
574,854ee56aac.jpg,Tennis
575,bf6044f6ae.jpg,Cricket
576,a41a8a253d.jpg,Karate
577,b8c1e66704.jpg,Tennis
578,44939b0a26.jpg,Soccer
579,be513cad26.jpg,Wrestling
580,63195cd9f0.jpg,Wrestling
581,8c9cbc8c82.jpg,Swimming
582,469be971a8.jpg,Karate
583,b11e675b9f.jpg,Cricket
584,c43f94e103.jpg,Karate
585,19cda82965.jpg,Soccer
586,14abc286c0.jpg,Wrestling
587,7532abe0d6.jpg,Tennis
588,ad919b2c8f.jpg,Soccer
589,4ec2fc6ca3.jpg,Karate
590,c2d2c79d78.jpg,Soccer
591,c3059.jpg,Tennis
592,f0ab73a716.jpg,Soccer
593,a08e74eb3a.jpg,Tennis
594,f1e0d608b4.jpg,Badminton
595,49933e2732.jpg,Badminton
596,b12.jpg,Badminton
597,ff85099592.jpg,Tennis
598,b1a30ee973.jpg,Tennis
599,6c6a114689.jpg,Wrestling
600,c9a0055b65.jpg,Badminton
601,00065391ce.jpg,Cricket
602,db42b892ff.jpg,Cricket
603,c741d93955.jpg,Tennis
604,b48.jpg,Badminton
605,7744e20fef.jpg,Wrestling
606,4bc839aefe.jpg,Wrestling
607,bd5690708e.jpg,Badminton
608,c1001.jpg,Karate
609,a6be100257.jpg,Soccer
610,dc8c40b8fc.jpg,Tennis
611,e8d0563896.jpg,Swimming
612,eda1366dbc.jpg,Tennis
613,28e768ee00.jpg,Wrestling
614,1de2bd6401.jpg,Swimming
615,b61fa12d3e.jpg,Cricket
616,13afbdccbf.jpg,Karate
617,198996dbef.jpg,Tennis
618,9b03fa03e4.jpg,Soccer
619,6ed0e37136.jpg,Wrestling
620,0337edd3d1.jpg,Badminton
621,accf438220.jpg,Soccer
622,6e74c8d0f7.jpg,Cricket
623,c41da45929.jpg,Karate
624,d9afa0626e.jpg,Cricket
625,04b0c82991.jpg,Wrestling
626,7979aa2cd2.jpg,Tennis
627,249c6ddff7.jpg,Karate
628,b5fb6638c1.jpg,Badminton
629,7f62442f9b.jpg,Tennis
630,4669023d0c.jpg,Badminton
631,4b12674fed.jpg,Wrestling
632,78ca54a647.jpg,Tennis
633,0f3a494cda.jpg,Tennis
634,b9815832a8.jpg,Badminton
635,214eca3f91.jpg,Cricket
636,fadb84fa4d.jpg,Badminton
637,bc780cb44a.jpg,Wrestling
638,f3f6e298ec.jpg,Wrestling
639,ce46b38e01.jpg,Soccer
640,c9d2b0a7d2.jpg,Badminton
641,bef7d51afd.jpg,Karate
642,f7d777d013.jpg,Tennis
643,8b57c181e9.jpg,Tennis
644,122dcd6678.jpg,Tennis
645,62297c8e83.jpg,Tennis
646,320df1a39e.jpg,Swimming
647,47a0ddab52.jpg,Tennis
648,481f3d4b42.jpg,Cricket
649,52d0414cc6.jpg,Soccer
650,1b89a5d510.jpg,Tennis
651,7de8e65c5c.jpg,Tennis
652,976578a73b.jpg,Wrestling
653,3445040e0d.jpg,Wrestling
654,278eb0a9ce.jpg,Cricket
655,8e6ff8d732.jpg,Tennis
656,54f894f8c8.jpg,Wrestling
657,a016ee981b.jpg,Soccer
658,6da913e4d4.jpg,Soccer
659,90e9cd01f4.jpg,Soccer
660,22c782ff6b.jpg,Karate
661,0e7dc921ab.jpg,Wrestling
662,362e229b4d.jpg,Cricket
663,b52.jpg,Badminton
664,bd66bd6375.jpg,Swimming
665,0e16e50ee6.jpg,Wrestling
666,2d54d78f74.jpg,Wrestling
667,6809fa3251.jpg,Cricket
668,704957ad44.jpg,Soccer
669,c7625631a0.jpg,Wrestling
670,ce302e2827.jpg,Tennis
671,8f66b938b6.jpg,Tennis
672,13f71efe6e.jpg,Soccer
673,06bffb7e33.jpg,Tennis
674,4f0442c065.jpg,Soccer
675,1da3dc2bdc.jpg,Wrestling
676,4cf900e3e4.jpg,Swimming
677,91c80b0ff6.jpg,Cricket
678,aaaa67b71d.jpg,Cricket
679,7293b50044.jpg,Soccer
680,e030e1cf47.jpg,Wrestling
681,b34.jpg,Badminton
682,f4a7d8e9dd.jpg,Swimming
683,3ffab5d3e2.jpg,Wrestling
684,3027f10f51.jpg,Wrestling
685,c3d1c865cb.jpg,Cricket
686,bd2296cd94.jpg,Wrestling
687,fc0832850b.jpg,Badminton
688,dca9d206fd.jpg,Cricket
689,c83239e00a.jpg,Wrestling
690,7f9ad7fe02.jpg,Badminton
691,81a6c5c70b.jpg,Badminton
692,1158700928.jpg,Badminton
693,44466b10ce.jpg,Tennis
694,1106935fa6.jpg,Wrestling
695,f05a933f8a.jpg,Wrestling
696,e01de83c21.jpg,Soccer
697,6ff3f09480.jpg,Badminton
698,7a786f1f9f.jpg,Soccer
699,198b636463.jpg,Tennis
700,7233ab621a.jpg,Badminton
701,a2aed70bda.jpg,Soccer
702,1c9592daf1.jpg,Karate
703,c30c40e75d.jpg,Soccer
704,a60675ad07.jpg,Tennis
705,43e44c5627.jpg,Tennis
706,f29ddcb8a9.jpg,Tennis
707,62f7d596e1.jpg,Tennis
708,6d2c7b36d0.jpg,Soccer
709,c0108.jpg,Karate
710,c7289dda60.jpg,Cricket
711,58438dba03.jpg,Karate
712,263e5044c8.jpg,Cricket
713,be3ab33a65.jpg,Karate
714,200f352e7f.jpg,Tennis
715,2573c6c471.jpg,Cricket
716,d1a893cb17.jpg,Wrestling
717,6c4a5cd766.jpg,Cricket
718,d6a7381b32.jpg,Badminton
719,daee1cce9e.jpg,Tennis
720,1047abb301.jpg,Swimming
721,9752d8f2a2.jpg,Tennis
722,f6a906971f.jpg,Badminton
723,29eb9af02f.jpg,Wrestling
724,f1e546a20c.jpg,Tennis
725,f6724b0648.jpg,Cricket
726,7199472630.jpg,Tennis
727,ed577dcb49.jpg,Tennis
728,7d345a3633.jpg,Cricket
729,d1f50f6b1d.jpg,Cricket
730,cccd6c6828.jpg,Wrestling
731,a6f8393716.jpg,Cricket
732,1f1deea201.jpg,Soccer
733,15e9b3b416.jpg,Wrestling
734,27ffa6f606.jpg,Tennis
735,0093b6cbc3.jpg,Soccer
736,d897b610e5.jpg,Tennis
737,74a7d76e50.jpg,Wrestling
738,9ba9815b1b.jpg,Tennis
739,67ccde1d5b.jpg,Cricket
740,ff81086e4b.jpg,Cricket
741,df6b7ed5f0.jpg,Tennis
742,586f520106.jpg,Badminton
743,c0e862ce9b.jpg,Tennis
744,f1805926c2.jpg,Tennis
745,0386d531f8.jpg,Cricket
746,f454f369e3.jpg,Wrestling
747,e8d6f8bf8c.jpg,Karate
748,a73480eafa.jpg,Tennis
749,300e14de0f.jpg,Tennis
750,b146354741.jpg,Karate
751,36d88a6d93.jpg,Cricket
752,4e283a9464.jpg,Wrestling
753,d33674a514.jpg,Cricket
754,e8496e58b8.jpg,Badminton
755,bc8dcfc181.jpg,Wrestling
756,7e4783224e.jpg,Cricket
757,e857a016e8.jpg,Cricket
758,d0a32723c8.jpg,Karate
759,c5059.jpg,Swimming
760,8afd6d4c86.jpg,Tennis
761,fb35eae95d.jpg,Cricket
762,d0be39812f.jpg,Cricket
763,c5772f3643.jpg,Cricket
764,ffc89044bc.jpg,Soccer
765,a88ae31be3.jpg,Wrestling
766,2c9dedfa40.jpg,Tennis
767,4100cefc4a.jpg,Badminton
768,49370dfd26.jpg,Soccer
769,7d82112c37.jpg,Wrestling
770,838c08a5ce.jpg,Karate
771,c15.jpg,Cricket
772,5dbc5e77d6.jpg,Wrestling
773,9506153c13.jpg,Swimming
774,a86d189508.jpg,Soccer
775,036274a32a.jpg,Tennis
776,41326a252e.jpg,Wrestling
777,b03775d0ca.jpg,Soccer
778,7bad37228b.jpg,Tennis
779,ed306d9dfd.jpg,Soccer
780,4aa9a8db67.jpg,Soccer
781,ad194be2d5.jpg,Tennis
782,c9c8c6aa12.jpg,Cricket
783,36ace7630a.jpg,Tennis
784,f3dd84f6c0.jpg,Cricket
785,0543818e52.jpg,Wrestling
786,6bed2fa9e6.jpg,Wrestling
787,6ae0922a04.jpg,Wrestling
788,d6df17f7d6.jpg,Karate
789,eb150ef70c.jpg,Tennis
790,d3dd69d1f3.jpg,Wrestling
791,026117c40a.jpg,Swimming
792,b97.jpg,Tennis
793,f09180537e.jpg,Cricket
794,86bdf3557c.jpg,Soccer
795,62a3f43b3c.jpg,Tennis
796,c2026.jpg,Soccer
797,66b34df42f.jpg,Badminton
798,54b2b981dc.jpg,Wrestling
799,b06125b90f.jpg,Badminton
800,9f5ddcc89d.jpg,Wrestling
801,bf44895f5c.jpg,Wrestling
802,fcf4fca6ca.jpg,Badminton
803,b17255b5cf.jpg,Badminton
804,6ad7fb39d5.jpg,Soccer
805,b1bcd24a30.jpg,Cricket
806,f8abc1e56e.jpg,Badminton
807,0ba3df9d0c.jpg,Tennis
808,9e898272d6.jpg,Tennis
809,c5de9d59d0.jpg,Tennis
810,832ade4daa.jpg,Cricket
811,26cc04cc87.jpg,Cricket
812,aee185bb07.jpg,Tennis
813,820e75035c.jpg,Cricket
814,e3c2762103.jpg,Soccer
815,692fa1ba7d.jpg,Tennis
816,c1045.jpg,Karate
817,8d830853c6.jpg,Cricket
818,566cb5b114.jpg,Tennis
819,76b420e9d1.jpg,Karate
820,356345338f.jpg,Wrestling
821,bbe7aa8611.jpg,Badminton
822,e9ea028168.jpg,Cricket
823,064105c8d6.jpg,Cricket
824,c100004.jpg,Soccer
825,ca857a98a5.jpg,Wrestling
826,00ee32c765.jpg,Wrestling
827,ff712b889a.jpg,Wrestling
828,c576d20e53.jpg,Tennis
829,6edaa27306.jpg,Tennis
830,de644dc684.jpg,Badminton
831,413b51c5c1.jpg,Tennis
832,c4fbe789fc.jpg,Swimming
833,1c0de05f5e.jpg,Badminton
834,3795e89df3.jpg,Soccer
835,fa92bfd202.jpg,Badminton
836,61515da81e.jpg,Wrestling
837,6c4b394bd6.jpg,Tennis
838,92ecaaf654.jpg,Tennis
839,4bd7e7d215.jpg,Badminton
840,78117ea45b.jpg,Wrestling
841,b82.jpg,Badminton
842,a737b57fe4.jpg,Cricket
843,3050cc638f.jpg,Cricket
844,343b326f05.jpg,Tennis
845,14fe18b205.jpg,Tennis
846,47ca5878a6.jpg,Soccer
847,d7d004250f.jpg,Badminton
848,8e560496ca.jpg,Swimming
849,519afaadf0.jpg,Badminton
850,4d3e571bb6.jpg,Badminton
851,9ca66b8204.jpg,Swimming
852,b13.jpg,Tennis
853,f99e5ade2a.jpg,Karate
854,31b38cbb96.jpg,Badminton
855,ee5e0ff616.jpg,Cricket
856,80f09004f6.jpg,Tennis
857,032f793f78.jpg,Wrestling
858,a8d03712aa.jpg,Tennis
859,3fdb56670d.jpg,Wrestling
860,59461adbc9.jpg,Badminton
861,0179a2bf4b.jpg,Badminton
862,16daa70fb0.jpg,Wrestling
863,f822113327.jpg,Wrestling
864,752917a88d.jpg,Cricket
865,e5756b67e2.jpg,Badminton
866,9ebc2be85b.jpg,Badminton
867,7b0ec4b073.jpg,Soccer
868,bead429f75.jpg,Karate
869,54af1cad03.jpg,Wrestling
870,206297567e.jpg,Tennis
871,a5d592ae66.jpg,Tennis
872,12c53ac993.jpg,Tennis
873,34586bea4d.jpg,Tennis
874,1a03ed4664.jpg,Soccer
875,fba164e117.jpg,Soccer
876,b209cf93de.jpg,Badminton
877,9356b02062.jpg,Tennis
878,7cade79e47.jpg,Soccer
879,840c2d2577.jpg,Wrestling
880,eaa6873577.jpg,Swimming
881,3576a9910f.jpg,Tennis
882,72d05ce1b9.jpg,Cricket
883,cbdb2e492a.jpg,Tennis
884,72787969e4.jpg,Wrestling
885,7f36f78a40.jpg,Karate
886,84c85e1257.jpg,Wrestling
887,6da3272343.jpg,Tennis
888,1b5273b168.jpg,Tennis
889,c2039.jpg,Soccer
890,3c4831bc1e.jpg,Soccer
891,8e66de016f.jpg,Badminton
892,21ce86b776.jpg,Badminton
893,f6f947ab91.jpg,Wrestling
894,b0f1a6bafc.jpg,Cricket
895,b5f9d9d15c.jpg,Badminton
896,0aa96f34a1.jpg,Badminton
897,94b526d049.jpg,Swimming
898,823bbb4fda.jpg,Tennis
899,ad980d90cf.jpg,Soccer
900,2ced9c3173.jpg,Karate
901,c3037.jpg,Tennis
902,4b858a31f4.jpg,Wrestling
903,5cbdad71f5.jpg,Swimming
904,d24c0d6865.jpg,Wrestling
905,975a48e209.jpg,Tennis
906,4b4477d861.jpg,Soccer
907,a844838934.jpg,Tennis
908,c7f2ccc799.jpg,Badminton
909,ceaa6eb05d.jpg,Soccer
910,a3cc0c45aa.jpg,Badminton
911,081842906a.jpg,Tennis
912,84efbe5ccc.jpg,Tennis
913,c117fc38fb.jpg,Tennis
914,69daa9ba1a.jpg,Cricket
915,d0d868d3d5.jpg,Swimming
916,7ff0403ad3.jpg,Tennis
917,8bd460cbd6.jpg,Tennis
918,2101eb8bad.jpg,Tennis
919,7975c2be9f.jpg,Cricket
920,e99c3fa281.jpg,Badminton
921,c3033.jpg,Tennis
922,96550a4db8.jpg,Soccer
923,0d021aeecc.jpg,Tennis
924,a541ac63a2.jpg,Wrestling
925,8453826ccc.jpg,Cricket
926,264c8e9abc.jpg,Wrestling
927,855f3cfe28.jpg,Cricket
928,2b9e9c0f3d.jpg,Karate
929,aed65fc671.jpg,Soccer
930,7104c78163.jpg,Wrestling
931,592122f577.jpg,Tennis
932,573a9644f1.jpg,Wrestling
933,25b8123090.jpg,Soccer
934,7996177604.jpg,Badminton
935,4f2f258d36.jpg,Soccer
936,d8462cd754.jpg,Cricket
937,ba7b35bdc2.jpg,Wrestling
938,81aa5b0d8b.jpg,Karate
939,4cd5e4b277.jpg,Badminton
940,c3064.jpg,Tennis
941,4b7ae5b719.jpg,Badminton
942,8c2de1d80c.jpg,Tennis
943,5a906a06f9.jpg,Tennis
944,4cecc99b60.jpg,Badminton
945,d0c7feb932.jpg,Tennis
946,304f7cd022.jpg,Cricket
947,eca37054bb.jpg,Karate
948,d95e5ffaa8.jpg,Tennis
949,8db4060627.jpg,Tennis
950,d57eac4529.jpg,Badminton
951,e227529e7f.jpg,Badminton
952,bf7cf59730.jpg,Soccer
953,1022c6b03a.jpg,Cricket
954,759420a81c.jpg,Soccer
955,c8dec639dd.jpg,Cricket
956,fe3ae505d5.jpg,Cricket
957,ec61217366.jpg,Tennis
958,5fa642e23b.jpg,Wrestling
959,7d76d174b0.jpg,Badminton
960,49a1a78dce.jpg,Cricket
961,ea88754710.jpg,Tennis
962,ffaffcb62b.jpg,Badminton
963,c8b12b2197.jpg,Wrestling
964,75dd72a20d.jpg,Badminton
965,75d63eb414.jpg,Cricket
966,90331fdfcf.jpg,Tennis
967,b893dbbe34.jpg,Tennis
968,b2c7b76183.jpg,Karate
969,c2030.jpg,Tennis
970,59bd4cf4ed.jpg,Tennis
971,150bbbac86.jpg,Cricket
972,a7d458e4a7.jpg,Badminton
973,53ad40afd6.jpg,Soccer
974,500e7d89e4.jpg,Badminton
975,f3217b20ab.jpg,Cricket
976,e5c9b27e1a.jpg,Tennis
977,afbe5df5a1.jpg,Badminton
978,741029f172.jpg,Badminton
979,c487d56d91.jpg,Cricket
980,0d64e32445.jpg,Cricket
981,f607fc7c39.jpg,Wrestling
982,3a2fea7702.jpg,Karate
983,62c7c8324a.jpg,Wrestling
984,0e3426b400.jpg,Cricket
985,00e1276bac.jpg,Tennis
986,9b7b780cf1.jpg,Soccer
987,582600768e.jpg,Soccer
988,d740fd96d8.jpg,Karate
989,c893372ffb.jpg,Tennis
990,df32d77844.jpg,Cricket
991,04f3bd7447.jpg,Tennis
992,339d338789.jpg,Tennis
993,9448ee46dc.jpg,Karate
994,2a0b112687.jpg,Badminton
995,e22c186cd7.jpg,Wrestling
996,df03e4c8bf.jpg,Swimming
997,ea18c344e5.jpg,Soccer
998,b44cb557c1.jpg,Badminton
999,ef0a43bbbc.jpg,Tennis
1000,4467bd1838.jpg,Cricket
1001,f4f7787013.jpg,Tennis
1002,cd63135f03.jpg,Tennis
1003,feb36672d6.jpg,Soccer
1004,52512236f4.jpg,Soccer
1005,b109.jpg,Badminton
1006,5cb9f712ea.jpg,Soccer
1007,ebd44be10c.jpg,Cricket
1008,20d905b9d1.jpg,Tennis
1009,c7bfc3fb66.jpg,Soccer
1010,30c9e1af13.jpg,Soccer
1011,6a7f73d9cc.jpg,Soccer
1012,52c2b1f309.jpg,Karate
1013,77cb179360.jpg,Soccer
1014,99a06d2aad.jpg,Tennis
1015,2ed0cb8feb.jpg,Badminton
1016,c7bda2b4c6.jpg,Badminton
1017,f096f362ed.jpg,Cricket
1018,8a1d3cc9a1.jpg,Wrestling
1019,a385ef6590.jpg,Tennis
1020,6c0312bdf0.jpg,Wrestling
1021,cf725b7e58.jpg,Swimming
1022,af0bba03f1.jpg,Wrestling
1023,6551e4b86f.jpg,Swimming
1024,63ebf359df.jpg,Wrestling
1025,bd2dcd2ee6.jpg,Wrestling
1026,dcc1f921eb.jpg,Tennis
1027,b42c9e7de6.jpg,Tennis
1028,d998a7b060.jpg,Tennis
1029,b668a7f208.jpg,Cricket
1030,03a3043f3e.jpg,Tennis
1031,444781a915.jpg,Karate
1032,491f114787.jpg,Wrestling
1033,91836057f4.jpg,Tennis
1034,801660c1c1.jpg,Tennis
1035,2ac50d3667.jpg,Soccer
1036,2d3445b7ad.jpg,Badminton
1037,c586d7f14b.jpg,Soccer
1038,bb7d88a615.jpg,Soccer
1039,9ed866c16c.jpg,Tennis
1040,0ba0fe4b6a.jpg,Soccer
1041,339b48426d.jpg,Badminton
1042,552570f376.jpg,Soccer
1043,b7503a02b0.jpg,Cricket
1044,e80b331fc9.jpg,Tennis
1045,9ae7058ef6.jpg,Wrestling
1046,0f5be6481a.jpg,Badminton
1047,b95.jpg,Badminton
1048,5f6103c353.jpg,Badminton
1049,01c67f4e37.jpg,Badminton
1050,ff44a0dd09.jpg,Soccer
1051,2f6a05c3ab.jpg,Soccer
1052,f60d22d654.jpg,Badminton
1053,b7286d8965.jpg,Badminton
1054,41800057a9.jpg,Tennis
1055,96f5964549.jpg,Soccer
1056,c3086.jpg,Tennis
1057,9751694977.jpg,Badminton
1058,e612c7ffff.jpg,Tennis
1059,c308380679.jpg,Cricket
1060,e7399e1351.jpg,Tennis
1061,c794af0ba4.jpg,Swimming
1062,4019c94281.jpg,Soccer
1063,657a25febf.jpg,Soccer
1064,e478e3d103.jpg,Wrestling
1065,9a0481cfde.jpg,Badminton
1066,ca051aedd5.jpg,Wrestling
1067,00c7075215.jpg,Cricket
1068,c9fef443c8.jpg,Badminton
1069,3453d0c59c.jpg,Badminton
1070,fb99381898.jpg,Cricket
1071,2b647a9ec8.jpg,Swimming
1072,c2019.jpg,Soccer
1073,5f3049e32c.jpg,Soccer
1074,dcd8dbfeb3.jpg,Karate
1075,bc8a349480.jpg,Wrestling
1076,5cab43890a.jpg,Tennis
1077,90ac59e030.jpg,Karate
1078,75a282604e.jpg,Karate
1079,a6f05b055d.jpg,Soccer
1080,39243ec113.jpg,Wrestling
1081,1b2bfacc40.jpg,Soccer
1082,5be13bc225.jpg,Tennis
1083,2577de3594.jpg,Soccer
1084,a5f005abce.jpg,Tennis
1085,a1de766c74.jpg,Wrestling
1086,e457475166.jpg,Cricket
1087,2f42dba937.jpg,Tennis
1088,d303ca7141.jpg,Soccer
1089,3ad51211fa.jpg,Wrestling
1090,ad14b4431c.jpg,Badminton
1091,ad60f53cce.jpg,Badminton
1092,46d99b6a16.jpg,Tennis
1093,b77852fdd3.jpg,Tennis
1094,0dc7ac60e4.jpg,Soccer
1095,a25bbad15e.jpg,Badminton
1096,0d73e706e3.jpg,Tennis
1097,538a81ab42.jpg,Cricket
1098,0e738e5581.jpg,Soccer
1099,2b22883a19.jpg,Wrestling
1100,81950b87d6.jpg,Wrestling
1101,4fa47fa3ab.jpg,Karate
1102,87c4f7736a.jpg,Cricket
1103,96b0b6ca7a.jpg,Tennis
1104,73a7dae265.jpg,Tennis
1105,291d9d620d.jpg,Soccer
1106,a4208a2a1f.jpg,Wrestling
1107,dd71bcb560.jpg,Tennis
1108,6bcf8711eb.jpg,Wrestling
1109,1460b6e320.jpg,Tennis
1110,3dfb684907.jpg,Karate
1111,5c5a99d840.jpg,Karate
1112,bed84d9489.jpg,Tennis
1113,039e54abd5.jpg,Soccer
1114,c3072.jpg,Tennis
1115,c8010.jpg,Badminton
1116,04b46d7eb4.jpg,Karate
1117,b08252d8a4.jpg,Soccer
1118,0d95a3e946.jpg,Soccer
1119,18a895c656.jpg,Wrestling
1120,03b566591d.jpg,Soccer
1121,bea9c69b93.jpg,Cricket
1122,85d63c490a.jpg,Badminton
1123,5de261f766.jpg,Wrestling
1124,cefce0a1bd.jpg,Cricket
1125,1d11b0ddb2.jpg,Tennis
1126,c7.jpg,Cricket
1127,b92c198c48.jpg,Swimming
1128,a86f420bd4.jpg,Badminton
1129,1ac486cb3b.jpg,Badminton
1130,a7458c6910.jpg,Badminton
1131,fcc3fbfad2.jpg,Cricket
1132,fe1ce456f9.jpg,Wrestling
1133,34b473e2db.jpg,Tennis
1134,c3063.jpg,Badminton
1135,c0113363d2.jpg,Tennis
1136,0fadbe4fd6.jpg,Cricket
1137,b34b3c72bc.jpg,Tennis
1138,c66bb9c1ab.jpg,Swimming
1139,ccde44da9d.jpg,Badminton
1140,e6b4f84106.jpg,Soccer
1141,a317bfef7f.jpg,Swimming
1142,8fbb157833.jpg,Badminton
1143,42c3499b42.jpg,Cricket
1144,d2fced01c1.jpg,Cricket
1145,bb501c4ffc.jpg,Tennis
1146,087873d0e3.jpg,Badminton
1147,76fd4d2b09.jpg,Swimming
1148,0cfda8ff3e.jpg,Wrestling
1149,a9b42b7d61.jpg,Tennis
1150,5d943069e4.jpg,Soccer
1151,5d6e663e1b.jpg,Tennis
1152,40376fa480.jpg,Wrestling
1153,d4edb0df49.jpg,Badminton
1154,4ce51e9543.jpg,Tennis
1155,bb7200a6a3.jpg,Badminton
1156,e5c7e2b69f.jpg,Karate
1157,ebc404adc6.jpg,Tennis
1158,c3003.jpg,Tennis
1159,7f93e1abe4.jpg,Tennis
1160,f479c13485.jpg,Wrestling
1161,ccaf308c4c.jpg,Tennis
1162,f0856c55e5.jpg,Tennis
1163,b557730306.jpg,Swimming
1164,6cfca8e2f0.jpg,Karate
1165,d3a12a1d58.jpg,Swimming
1166,655914a0a1.jpg,Badminton
1167,5ca2999901.jpg,Soccer
1168,ff88689379.jpg,Wrestling
1169,2fcead6123.jpg,Tennis
1170,a5de006a2d.jpg,Cricket
1171,8293839b72.jpg,Badminton
1172,9a002b61fb.jpg,Wrestling
1173,9b05e85978.jpg,Cricket
1174,bbfec16eab.jpg,Cricket
1175,1d2177d024.jpg,Tennis
1176,687a3a651a.jpg,Cricket
1177,d5b2ff7792.jpg,Badminton
1178,a455360b6c.jpg,Cricket
1179,6b423eabb3.jpg,Badminton
1180,a1f4e9d1e0.jpg,Tennis
1181,7092d4f0ae.jpg,Tennis
1182,96c53be41b.jpg,Wrestling
1183,fb85e81515.jpg,Tennis
1184,2d4cd97837.jpg,Tennis
1185,00772b60e9.jpg,Cricket
1186,0bcaaf18ab.jpg,Swimming
1187,b592e9d221.jpg,Wrestling
1188,a1f723254a.jpg,Tennis
1189,d935d8f7c4.jpg,Soccer
1190,ec6d60832e.jpg,Badminton
1191,baaa835c46.jpg,Cricket
1192,7f28b5d754.jpg,Soccer
1193,3b0e416ef4.jpg,Badminton
1194,e5ceab4106.jpg,Cricket
1195,b99.jpg,Badminton
1196,6c1d8e675b.jpg,Badminton
1197,43202cae79.jpg,Cricket
1198,bd96eb2c0c.jpg,Badminton
1199,ffdaacccf6.jpg,Swimming
1200,3525537f2f.jpg,Soccer
1201,49dae8381e.jpg,Tennis
1202,83a1781a57.jpg,Swimming
1203,8ec57dbc32.jpg,Soccer
1204,3aacc6ba25.jpg,Soccer
1205,543aa9fe03.jpg,Wrestling
1206,a17f98e002.jpg,Tennis
1207,662f00fa23.jpg,Wrestling
1208,55dcc0c6af.jpg,Wrestling
1209,548436cc55.jpg,Soccer
1210,47496974be.jpg,Cricket
1211,c1043.jpg,Karate
1212,c5d0a1ef09.jpg,Swimming
1213,0883aae6d6.jpg,Cricket
1214,170aeae746.jpg,Soccer
1215,9b8d03a52d.jpg,Karate
1216,b949d39e7c.jpg,Cricket
1217,bbf2b6d1d2.jpg,Soccer
1218,70591a8a87.jpg,Tennis
1219,feb99f9926.jpg,Badminton
1220,8e04b50151.jpg,Wrestling
1221,73eeab64eb.jpg,Wrestling
1222,872ec7755a.jpg,Wrestling
1223,2c6605ef8a.jpg,Tennis
1224,b3fccc518a.jpg,Cricket
1225,fbd32983a9.jpg,Soccer
1226,e2233dbace.jpg,Wrestling
1227,a7e251b34c.jpg,Tennis
1228,b1ca91e3bc.jpg,Tennis
1229,14ce160b6e.jpg,Wrestling
1230,37aa06f513.jpg,Badminton
1231,b98.jpg,Badminton
1232,50c844bf60.jpg,Tennis
1233,ab3e41ba43.jpg,Badminton
1234,73ca5eabc4.jpg,Badminton
1235,14cf48ec5f.jpg,Karate
1236,fa9000ae74.jpg,Badminton
1237,2d831fd833.jpg,Tennis
1238,0f77c2d2ec.jpg,Tennis
1239,0a9afe9b0d.jpg,Tennis
1240,c11.jpg,Cricket
1241,b56a451f36.jpg,Soccer
1242,d627921163.jpg,Tennis
1243,2c51cefea0.jpg,Badminton
1244,8e2ca4d5f4.jpg,Soccer
1245,8332149859.jpg,Soccer
1246,c8001.jpg,Wrestling
1247,a5d1d612d9.jpg,Cricket
1248,b733d241c1.jpg,Karate
1249,90f8a4831a.jpg,Wrestling
1250,40fa09a5c3.jpg,Karate
1251,c229bb80d1.jpg,Soccer
1252,45f7e5a797.jpg,Tennis
1253,143dcaa205.jpg,Badminton
1254,002259d705.jpg,Badminton
1255,2e99394da8.jpg,Cricket
1256,7121fd9632.jpg,Tennis
1257,edba34ef53.jpg,Karate
1258,5dc0aa72a4.jpg,Wrestling
1259,3fe601e6a8.jpg,Cricket
1260,28fc357287.jpg,Swimming
1261,b1c1eff62f.jpg,Wrestling
1262,4a39f3bbd3.jpg,Wrestling
1263,d01afe89f2.jpg,Badminton
1264,89d8172729.jpg,Cricket
1265,04b282ddb5.jpg,Karate
1266,78bf3610b5.jpg,Badminton
1267,685d81d00f.jpg,Cricket
1268,b6116e26dd.jpg,Wrestling
1269,d061578a76.jpg,Wrestling
1270,2078b00156.jpg,Karate
1271,761496d178.jpg,Soccer
1272,8a8741a1cc.jpg,Wrestling
1273,e80f35a423.jpg,Cricket
1274,ee6a52a1ec.jpg,Tennis
1275,278914f6ac.jpg,Badminton
1276,ff4fdffeaf.jpg,Swimming
1277,a80c851227.jpg,Tennis
1278,bd803f750b.jpg,Cricket
1279,ef2c2ba919.jpg,Tennis
1280,842e7c33df.jpg,Wrestling
1281,9cba773511.jpg,Cricket
1282,777716e794.jpg,Tennis
1283,ccaa9d11e8.jpg,Soccer
1284,ba0a9c9cd8.jpg,Tennis
1285,683b10d049.jpg,Cricket
1286,e66a058b50.jpg,Wrestling
1287,5812973830.jpg,Karate
1288,78b4629214.jpg,Soccer
1289,b9e22d65db.jpg,Soccer
1290,34a0ff21a8.jpg,Cricket
1291,96dfadd34e.jpg,Wrestling
1292,f40a0a1691.jpg,Wrestling
1293,eb82db7573.jpg,Badminton
1294,73658f43e6.jpg,Cricket
1295,0ca14626fa.jpg,Badminton
1296,80da79a73e.jpg,Karate
1297,d6036bcf5f.jpg,Cricket
1298,4ccc9e51ad.jpg,Badminton
1299,3c691bbaab.jpg,Tennis
1300,4a25e882b4.jpg,Tennis
1301,a6840099e6.jpg,Tennis
1302,c823843433.jpg,Badminton
1303,b73c8ad49c.jpg,Swimming
1304,9f306189b0.jpg,Soccer
1305,4e9c3170ee.jpg,Tennis
1306,f2ab267c68.jpg,Wrestling
1307,a8b7c50e2c.jpg,Cricket
1308,9acf95ef81.jpg,Cricket
1309,f70d40faf2.jpg,Wrestling
1310,7ed5b3cc73.jpg,Cricket
1311,d6695120fa.jpg,Wrestling
1312,848600f829.jpg,Tennis
1313,cc32cfd485.jpg,Karate
1314,77d23b3a03.jpg,Soccer
1315,54e0453a23.jpg,Cricket
1316,ad7bb00789.jpg,Soccer
1317,c3031.jpg,Tennis
1318,d79d8da4b3.jpg,Badminton
1319,d091b87aff.jpg,Soccer
1320,20691e4f82.jpg,Cricket
1321,78630694fe.jpg,Cricket
1322,e3c274b4ab.jpg,Swimming
1323,03dae9890e.jpg,Tennis
1324,80296be6f8.jpg,Soccer
1325,4cff741f21.jpg,Cricket
1326,0165ea57ea.jpg,Swimming
1327,ad7ab04169.jpg,Badminton
1328,cc19e10ed2.jpg,Cricket
1329,d84fcf4f86.jpg,Wrestling
1330,89e5c6004f.jpg,Soccer
1331,3987ee169d.jpg,Tennis
1332,d1df0b21e1.jpg,Tennis
1333,b46.jpg,Badminton
1334,cad15fa6bf.jpg,Soccer
1335,d645795acf.jpg,Wrestling
1336,881039e941.jpg,Badminton
1337,d64c1efce9.jpg,Tennis
1338,6dd03c750a.jpg,Wrestling
1339,73cf3e240f.jpg,Soccer
1340,7163078689.jpg,Tennis
1341,b20.jpg,Badminton
1342,02e3452152.jpg,Tennis
1343,15604d2f07.jpg,Tennis
1344,fabafe5b0b.jpg,Badminton
1345,1a6150fc86.jpg,Cricket
1346,6661bd5728.jpg,Swimming
1347,767faf1ef4.jpg,Badminton
1348,01629d58ca.jpg,Tennis
1349,ad31cec821.jpg,Karate
1350,6f177e0a21.jpg,Badminton
1351,10c13d4eed.jpg,Badminton
1352,cc53965a4e.jpg,Tennis
1353,e437c16a60.jpg,Soccer
1354,5f52fdb193.jpg,Tennis
1355,296f7b00db.jpg,Soccer
1356,4033c28ce4.jpg,Cricket
1357,85142f0541.jpg,Soccer
1358,9f3cf7ddfc.jpg,Karate
1359,e1519de46c.jpg,Tennis
1360,f750d31862.jpg,Tennis
1361,f6855234e7.jpg,Soccer
1362,49ace7bc58.jpg,Soccer
1363,5c1879932e.jpg,Wrestling
1364,27a751e177.jpg,Soccer
1365,d17ff2dcca.jpg,Badminton
1366,2e9b3b1a97.jpg,Cricket
1367,2fc75edb1e.jpg,Cricket
1368,c08c3f808c.jpg,Karate
1369,2213f29f5f.jpg,Cricket
1370,be3445d2e5.jpg,Soccer
1371,4d1f2b2480.jpg,Soccer
1372,23e5266f8e.jpg,Tennis
1373,7f3077748c.jpg,Badminton
1374,0bbd5319ed.jpg,Tennis
1375,98808ea3b2.jpg,Cricket
1376,2fcc498682.jpg,Cricket
1377,b50b58b2fc.jpg,Cricket
1378,d2ccf27b98.jpg,Tennis
1379,ea8a27fca9.jpg,Wrestling
1380,59307b420a.jpg,Cricket
1381,91aec53ca6.jpg,Swimming
1382,c5042.jpg,Swimming
1383,05aaf237c0.jpg,Wrestling
1384,b70.jpg,Tennis
1385,c3c7fdafea.jpg,Tennis
1386,4e37eeb6c2.jpg,Cricket
1387,7ada125725.jpg,Tennis
1388,ad2130d92c.jpg,Cricket
1389,f71d624aa8.jpg,Wrestling
1390,e37459f34b.jpg,Cricket
1391,6761dfd2ca.jpg,Badminton
1392,9cc79680eb.jpg,Soccer
1393,36858b0067.jpg,Wrestling
1394,b59db761f6.jpg,Soccer
1395,0796c5b252.jpg,Soccer
1396,1567ae9f52.jpg,Tennis
1397,fcbbfece11.jpg,Wrestling
1398,29d13438c7.jpg,Karate
1399,3fd01dbecc.jpg,Soccer
1400,34c632b2c9.jpg,Soccer
1401,83e3923e68.jpg,Cricket
1402,ea332e32f5.jpg,Cricket
1403,dda7d69dcc.jpg,Wrestling
1404,0797adb587.jpg,Tennis
1405,3f6149d1ec.jpg,Tennis
1406,b1eb9289cb.jpg,Swimming
1407,bf6077ae99.jpg,Soccer
1408,86f8dae471.jpg,Tennis
1409,c6f07e1a73.jpg,Tennis
1410,e8d109c77a.jpg,Soccer
1411,aae758d1d3.jpg,Badminton
1412,44d022f827.jpg,Tennis
1413,eb5352660c.jpg,Badminton
1414,87823bfa77.jpg,Tennis
1415,0aa7ca375d.jpg,Tennis
1416,cba06ed11e.jpg,Badminton
1417,170b8c94c0.jpg,Wrestling
1418,f1b2b1cf52.jpg,Tennis
1419,3da76081a1.jpg,Soccer
1420,e3f78a4b61.jpg,Swimming
1421,1abf08a41b.jpg,Soccer
1422,9bf272a7bf.jpg,Karate
1423,7b89ef2124.jpg,Cricket
1424,b9ea5790d7.jpg,Badminton
1425,3a5d8af6a7.jpg,Cricket
1426,40ee34272d.jpg,Tennis
1427,dfcab578d9.jpg,Badminton
1428,01c75f606c.jpg,Cricket
1429,86b60a20af.jpg,Cricket
1430,d9a2541d7e.jpg,Wrestling
1431,66946f4abc.jpg,Tennis
1432,b594f04b64.jpg,Badminton
1433,40d48c7711.jpg,Tennis
1434,16ef374598.jpg,Soccer
1435,dacf01793c.jpg,Soccer
1436,0b84e400d4.jpg,Soccer
1437,90f805fbd8.jpg,Tennis
1438,61ba6f5239.jpg,Tennis
1439,c5056.jpg,Soccer
1440,1070768b46.jpg,Tennis
1441,c2bcda71cb.jpg,Badminton
1442,7cd886eec8.jpg,Wrestling
1443,eb2233a0a3.jpg,Karate
1444,69a696e900.jpg,Cricket
1445,be33889200.jpg,Soccer
1446,9de3b14f0e.jpg,Wrestling
1447,ea199d3da0.jpg,Cricket
1448,8232c1808d.jpg,Cricket
1449,164e45bba6.jpg,Badminton
1450,667f0c6abd.jpg,Badminton
1451,5408065722.jpg,Cricket
1452,1832ac3c1e.jpg,Swimming
1453,6c5885b871.jpg,Tennis
1454,6d64745b42.jpg,Soccer
1455,1aec182f33.jpg,Tennis
1456,e048536c62.jpg,Badminton
1457,b3.jpg,Badminton
1458,81edc58ad1.jpg,Soccer
1459,b695b6bdb1.jpg,Wrestling
1460,7761118dca.jpg,Karate
1461,0beec234c0.jpg,Tennis
1462,7a9270d044.jpg,Tennis
1463,d2d985b1b3.jpg,Tennis
1464,85de16bad8.jpg,Karate
1465,5569dd06bd.jpg,Badminton
1466,a925fb2999.jpg,Tennis
1467,b83c158eff.jpg,Swimming
1468,50ab6dea73.jpg,Cricket
1469,c3053.jpg,Tennis
1470,cc3c6863b0.jpg,Tennis
1471,f3b12b89f4.jpg,Wrestling
1472,02a42304dc.jpg,Badminton
1473,560b4f72ad.jpg,Karate
1474,17af2ffe67.jpg,Badminton
1475,c3041.jpg,Badminton
1476,77ddb558d0.jpg,Swimming
1477,9d59768b3e.jpg,Soccer
1478,c3cb345cad.jpg,Badminton
1479,d3c93fae85.jpg,Tennis
1480,1fa1798b71.jpg,Tennis
1481,28b6b2fe18.jpg,Karate
1482,ce7587ddd3.jpg,Badminton
1483,94d3a1e072.jpg,Badminton
1484,0cf1114889.jpg,Wrestling
1485,90921b5e7e.jpg,Badminton
1486,289110c97d.jpg,Wrestling
1487,3c1be2c938.jpg,Soccer
1488,f83787ad0c.jpg,Swimming
1489,b118.jpg,Badminton
1490,b11.jpg,Badminton
1491,12a9b208fe.jpg,Wrestling
1492,5402203564.jpg,Soccer
1493,0d0f891609.jpg,Soccer
1494,a7fc8b47f9.jpg,Tennis
1495,0f98e25d2b.jpg,Soccer
1496,705abbb13f.jpg,Karate
1497,5a6846a2ed.jpg,Tennis
1498,f7fd21d312.jpg,Cricket
1499,83fa06b310.jpg,Wrestling
1500,f1b0d8602b.jpg,Cricket
1501,9514a32e69.jpg,Karate
1502,fa509b2931.jpg,Cricket
1503,f1d6f46f90.jpg,Wrestling
1504,6066fef2cd.jpg,Wrestling
1505,1c05c46e10.jpg,Cricket
1506,4cb87bba11.jpg,Soccer
1507,5d7b1792de.jpg,Tennis
1508,a5fddbb8fd.jpg,Karate
1509,54223a50eb.jpg,Soccer
1510,20c0ac27d9.jpg,Tennis
1511,e763943df2.jpg,Cricket
1512,68e8bd825d.jpg,Tennis
1513,b064ebb728.jpg,Wrestling
1514,791b30078b.jpg,Wrestling
1515,cb95049c22.jpg,Karate
1516,33ff40eaa0.jpg,Karate
1517,a57cfe02fe.jpg,Tennis
1518,9600ae6694.jpg,Tennis
1519,9243cc0505.jpg,Tennis
1520,9e0e4e2124.jpg,Swimming
1521,92b671c30d.jpg,Cricket
1522,056af037db.jpg,Swimming
1523,de01c04b3f.jpg,Cricket
1524,a68bb0b458.jpg,Soccer
1525,6768129bba.jpg,Cricket
1526,10f4be5a2b.jpg,Badminton
1527,f2721fda5d.jpg,Soccer
1528,4d8a7a3500.jpg,Karate
1529,93502851c3.jpg,Tennis
1530,24e5823056.jpg,Soccer
1531,e8f6aa1393.jpg,Cricket
1532,cc22b72605.jpg,Tennis
1533,e80c785043.jpg,Tennis
1534,6d29a1563d.jpg,Badminton
1535,1bc00fc133.jpg,Soccer
1536,a92760b3e7.jpg,Karate
1537,d9a63f469e.jpg,Soccer
1538,f53c68d619.jpg,Cricket
1539,1eedaca7c1.jpg,Soccer
1540,6068c68cb5.jpg,Swimming
1541,fd9a8ceaf5.jpg,Cricket
1542,a8b90f34b1.jpg,Tennis
1543,7860fe1f30.jpg,Badminton
1544,38db1e825d.jpg,Swimming
1545,966bfac079.jpg,Swimming
1546,2c2f7ea786.jpg,Cricket
1547,f5f18a3714.jpg,Wrestling
1548,4a73ad514a.jpg,Wrestling
1549,b36.jpg,Badminton
1550,b67.jpg,Badminton
1551,5cd19dfdd5.jpg,Soccer
1552,f15b0a7dfb.jpg,Cricket
1553,8807639fb2.jpg,Badminton
1554,4b15d9b011.jpg,Wrestling
1555,389cb1eac1.jpg,Badminton
1556,f01e13df09.jpg,Swimming
1557,6686c72e93.jpg,Tennis
1558,0ff8ee17f1.jpg,Wrestling
1559,c3012.jpg,Tennis
1560,dc1bd54006.jpg,Soccer
1561,59815c7fa1.jpg,Cricket
1562,e3693de081.jpg,Cricket
1563,022dc8a23a.jpg,Cricket
1564,8d4d2b89a8.jpg,Cricket
1565,fd09aef084.jpg,Badminton
1566,fb37090976.jpg,Cricket
1567,1b67f20884.jpg,Tennis
1568,c98b176637.jpg,Soccer
1569,1ca17412b1.jpg,Tennis
1570,370b70c465.jpg,Tennis
1571,41410897ba.jpg,Wrestling
1572,31b71e239b.jpg,Swimming
1573,c99d7c7841.jpg,Tennis
1574,74ef6f507b.jpg,Wrestling
1575,26cd241805.jpg,Cricket
1576,bc186238b1.jpg,Tennis
1577,15a83c5497.jpg,Badminton
1578,e3ef8f080b.jpg,Wrestling
1579,7fa12449b1.jpg,Badminton
1580,d1d7471dae.jpg,Soccer
1581,3994de0ce0.jpg,Badminton
1582,3c3de3905b.jpg,Tennis
1583,297a1cf90c.jpg,Badminton
1584,f5dd3404a8.jpg,Soccer
1585,f2e2276f17.jpg,Cricket
1586,36ca0e34f1.jpg,Soccer
1587,1f331fe0ec.jpg,Cricket
1588,d6ff7f34a6.jpg,Wrestling
1589,77e62042d0.jpg,Wrestling
1590,bf112c9946.jpg,Karate
1591,4d33b97178.jpg,Tennis
1592,220ccf8246.jpg,Wrestling
1593,df144614ac.jpg,Wrestling
1594,33ce90b5fb.jpg,Wrestling
1595,fda8b316fb.jpg,Cricket
1596,a11a4d1b75.jpg,Karate
1597,9f4ebb7bfa.jpg,Cricket
1598,a48b07cad8.jpg,Soccer
1599,b6b942221d.jpg,Badminton
1600,7bec7a42b0.jpg,Karate
1601,5c00d05a05.jpg,Cricket
1602,5f16a8c29c.jpg,Cricket
1603,d3a8f5f128.jpg,Karate
1604,53465dfbf7.jpg,Tennis
1605,47cbf7a27b.jpg,Wrestling
1606,d4015ca292.jpg,Tennis
1607,2500ac5349.jpg,Soccer
1608,4f9eaba239.jpg,Badminton
1609,1af8c09540.jpg,Karate
1610,2ade08a77a.jpg,Cricket
1611,d8ad8f604a.jpg,Swimming
1612,701f0986d8.jpg,Badminton
1613,784616d958.jpg,Tennis
1614,c12.jpg,Cricket
1615,1ed4c78b7e.jpg,Badminton
1616,d6f9a0b4a0.jpg,Tennis
1617,3e2497f4c2.jpg,Cricket
1618,18435ee6f0.jpg,Soccer
1619,e96d7797f6.jpg,Swimming
1620,d5fb12e3d4.jpg,Tennis
1621,0efab9c83a.jpg,Tennis
1622,48d8cb186c.jpg,Karate
1623,f6e38ebf10.jpg,Badminton
1624,bb7c4623be.jpg,Soccer
1625,0ce7369b71.jpg,Tennis
1626,a173947ead.jpg,Badminton
1627,5bd3f00e20.jpg,Tennis
1628,cdf2525048.jpg,Soccer
1629,104151dba9.jpg,Cricket
1630,9a124eb1ba.jpg,Badminton
1631,c1102ed548.jpg,Cricket
1632,fb0216328a.jpg,Badminton
1633,fdb206ff17.jpg,Cricket
1634,e898b73f1c.jpg,Cricket
1635,9de55f2c26.jpg,Badminton
1636,519192316b.jpg,Soccer
1637,0749f52b4f.jpg,Wrestling
1638,a6faee49c9.jpg,Tennis
1639,c3029.jpg,Tennis
1640,9788771a6e.jpg,Tennis
1641,e5e00e06a1.jpg,Cricket
1642,021ec80020.jpg,Badminton
1643,6fc3b9e125.jpg,Cricket
1644,d77d748a0b.jpg,Badminton
1645,a852f4bfac.jpg,Tennis
1646,4553d5842b.jpg,Badminton
1647,f269bf086c.jpg,Tennis
1648,77bbef65b4.jpg,Tennis
1649,101b3dede5.jpg,Tennis
1650,e7a84792d8.jpg,Badminton
1651,2ba88972dc.jpg,Wrestling
1652,9bbd96639a.jpg,Karate
1653,90fe17fb0a.jpg,Badminton
1654,5d51aea953.jpg,Karate
1655,12e7e9d97a.jpg,Soccer
1656,f8e83b0933.jpg,Karate
1657,17eec4d431.jpg,Swimming
1658,c5004.jpg,Cricket
1659,6582fe83dd.jpg,Soccer
1660,492296d329.jpg,Wrestling
1661,6deda9daef.jpg,Tennis
1662,aacba4f6b0.jpg,Soccer
1663,0feeb271fd.jpg,Cricket
1664,b47.jpg,Badminton
1665,04ff719903.jpg,Wrestling
1666,0fd318e46d.jpg,Wrestling
1667,e5d14ff2d3.jpg,Soccer
1668,bc6ce8fd87.jpg,Soccer
1669,8d6eeceeb0.jpg,Karate
1670,1df0084966.jpg,Cricket
1671,71c4238199.jpg,Cricket
1672,998b92aa3c.jpg,Tennis
1673,4d95c37b69.jpg,Tennis
1674,4e1eae4293.jpg,Cricket
1675,941bb90c9b.jpg,Soccer
1676,c5021.jpg,Swimming
1677,ef518de17b.jpg,Soccer
1678,b169771471.jpg,Tennis
1679,c14aaecd1b.jpg,Swimming
1680,c52fe5db32.jpg,Wrestling
1681,ba3c200066.jpg,Wrestling
1682,64d76ca8d8.jpg,Wrestling
1683,c0cbba2683.jpg,Karate
1684,2313d4d5f3.jpg,Tennis
1685,5aa3910dc3.jpg,Tennis
1686,1206bad626.jpg,Cricket
1687,02462bb635.jpg,Karate
1688,56f76289b4.jpg,Soccer
1689,304577a84a.jpg,Soccer
1690,fd750ecdf0.jpg,Cricket
1691,690b291041.jpg,Tennis
1692,2597c470b6.jpg,Wrestling
1693,aef267f8aa.jpg,Soccer
1694,c56f36740d.jpg,Badminton
1695,da90c60fcb.jpg,Tennis
1696,71a29fc869.jpg,Soccer
1697,e32abf894c.jpg,Wrestling
1698,60f3a4cc9b.jpg,Soccer
1699,fafbf27d7f.jpg,Wrestling
1700,2de9659e65.jpg,Wrestling
1701,1d2012ad05.jpg,Badminton
1702,9148f4b659.jpg,Cricket
1703,013d44bfd8.jpg,Tennis
1704,31beb82f46.jpg,Karate
1705,c3066.jpg,Badminton
1706,70f70bee67.jpg,Cricket
1707,7d8fa2cf55.jpg,Tennis
1708,338d0b910b.jpg,Tennis
1709,1a10938a82.jpg,Tennis
1710,8006bed360.jpg,Soccer
1711,c937afa34e.jpg,Karate
1712,fef6578f77.jpg,Wrestling
1713,027bf70a66.jpg,Soccer
1714,27fb32f427.jpg,Karate
1715,e0431c4dea.jpg,Wrestling
1716,4ce2d05435.jpg,Soccer
1717,d7194c1393.jpg,Cricket
1718,f05575a79d.jpg,Wrestling
1719,28ba9c228e.jpg,Soccer
1720,3fa2a1bf9c.jpg,Wrestling
1721,ae9fa8dc4f.jpg,Tennis
1722,bd0308acc4.jpg,Tennis
1723,95ca9d064a.jpg,Badminton
1724,7a2b995d8c.jpg,Wrestling
1725,afbbda2e04.jpg,Wrestling
1726,6d66713b10.jpg,Karate
1727,370cb920bd.jpg,Wrestling
1728,0bf1e96197.jpg,Wrestling
1729,4937b71320.jpg,Wrestling
1730,a32bab6287.jpg,Wrestling
1731,40644a35f7.jpg,Soccer
1732,a5116c99e2.jpg,Cricket
1733,6e52ebc005.jpg,Karate
1734,55cf1a3c2b.jpg,Cricket
1735,4e7d46b211.jpg,Tennis
1736,e98e68e214.jpg,Tennis
1737,d728190bc0.jpg,Tennis
1738,5b846a8d84.jpg,Cricket
1739,cc09be9a11.jpg,Badminton
1740,c3048.jpg,Tennis
1741,49a366314b.jpg,Soccer
1742,2729456062.jpg,Swimming
1743,2a5a835547.jpg,Swimming
1744,397285c1df.jpg,Tennis
1745,883b925dfe.jpg,Soccer
1746,6158b99c8d.jpg,Karate
1747,aac108d055.jpg,Cricket
1748,b6df414b7f.jpg,Badminton
1749,414b5013b5.jpg,Soccer
1750,24edc9bd65.jpg,Tennis
1751,85bc0f6e1b.jpg,Tennis
1752,50ca0afc54.jpg,Karate
1753,3b05efbdbc.jpg,Karate
1754,b108.jpg,Soccer
1755,cc46a2d71d.jpg,Tennis
1756,4a0c3ee4df.jpg,Badminton
1757,389ec647fa.jpg,Karate
1758,e25ae0754a.jpg,Soccer
1759,321f703b29.jpg,Tennis
1760,1d5de27f76.jpg,Tennis
1761,c7246da619.jpg,Cricket
1762,b0b9e0f121.jpg,Tennis
1763,38d1b34b3f.jpg,Wrestling
1764,ccf1ad164d.jpg,Soccer
1765,5819aa9f13.jpg,Tennis
1766,67e2c58a73.jpg,Cricket
1767,11dccd6e54.jpg,Tennis
1768,1315ab990f.jpg,Soccer
1769,0f8b6f9932.jpg,Badminton
1770,22d78c6052.jpg,Wrestling
1771,86188179b4.jpg,Tennis
1772,294f035ea8.jpg,Wrestling
1773,5d4229e2a7.jpg,Badminton
1774,827b3df0db.jpg,Swimming
1775,d6df3695f1.jpg,Wrestling
1776,1a05a8213e.jpg,Karate
1777,dac02377fc.jpg,Soccer
1778,0688145ec8.jpg,Tennis
1779,d0ce1d4cc8.jpg,Badminton
1780,b5ecca4272.jpg,Tennis
1781,ac2f23fc18.jpg,Tennis
1782,415d3d5433.jpg,Badminton
1783,05d879575f.jpg,Wrestling
1784,91c07abad7.jpg,Wrestling
1785,576a07a49f.jpg,Soccer
1786,be5112ba99.jpg,Soccer
1787,d8634da91c.jpg,Soccer
1788,2b17e978fd.jpg,Karate
1789,d546d412f8.jpg,Cricket
1790,e37c99658f.jpg,Cricket
1791,791d5ff295.jpg,Cricket
1792,0927d44885.jpg,Cricket
1793,c603aade55.jpg,Karate
1794,ff3abd098a.jpg,Cricket
1795,b77.jpg,Badminton
1796,bc0abcef35.jpg,Wrestling
1797,4ed114b455.jpg,Tennis
1798,405d90ac0a.jpg,Wrestling
1799,b7a751fd96.jpg,Wrestling
1800,0fbbbfd70f.jpg,Soccer
1801,975f8451df.jpg,Badminton
1802,0283662fc5.jpg,Soccer
1803,86c7727172.jpg,Wrestling
1804,dfdcf3cb95.jpg,Cricket
1805,8df35b7e48.jpg,Wrestling
1806,b6.jpg,Badminton
1807,2f72243ea1.jpg,Wrestling
1808,8335817af6.jpg,Tennis
1809,bfa6d2ab99.jpg,Tennis
1810,b0e43da5c1.jpg,Tennis
1811,8790ff37e8.jpg,Tennis
1812,bd3ce7cef3.jpg,Tennis
1813,9b4c2d8057.jpg,Soccer
1814,fb8030f0b8.jpg,Tennis
1815,dc7ce2e2db.jpg,Soccer
1816,df01a5fb04.jpg,Tennis
1817,b1578ebd9a.jpg,Karate
1818,9eca3a2d4e.jpg,Badminton
1819,c2038.jpg,Soccer
1820,50c865b782.jpg,Wrestling
1821,074b95509d.jpg,Badminton
1822,86fd2e6fe5.jpg,Soccer
1823,f4ab41760e.jpg,Cricket
1824,8cb3e6eda4.jpg,Tennis
1825,63caca5e14.jpg,Soccer
1826,f3ea57638f.jpg,Tennis
1827,c2002.jpg,Soccer
1828,b113.jpg,Badminton
1829,9b86ecef54.jpg,Cricket
1830,002aca3053.jpg,Cricket
1831,5d1624e642.jpg,Cricket
1832,68686d1db7.jpg,Karate
1833,6ff1b413c7.jpg,Tennis
1834,637efaa08c.jpg,Cricket
1835,69145dbf0e.jpg,Cricket
1836,9755b73a49.jpg,Karate
1837,0ba4662909.jpg,Wrestling
1838,2b99bf88ef.jpg,Wrestling
1839,7a22a1f565.jpg,Soccer
1840,894f2086a7.jpg,Cricket
1841,48afe97505.jpg,Cricket
1842,ac56980569.jpg,Cricket
1843,e5f4dd66d7.jpg,Cricket
1844,1621787a11.jpg,Tennis
1845,3efbc6fc8f.jpg,Wrestling
1846,a1525fb583.jpg,Karate
1847,c8b6eaac76.jpg,Soccer
1848,31c44f2520.jpg,Tennis
1849,69ae05df74.jpg,Tennis
1850,ad9f67bbd5.jpg,Wrestling
1851,9bc31771f5.jpg,Wrestling
1852,975e1d6757.jpg,Cricket
1853,47efd82e78.jpg,Soccer
1854,76a3b0f3af.jpg,Badminton
1855,29c754b8b2.jpg,Badminton
1856,17bd78116f.jpg,Swimming
1857,b10c181f3b.jpg,Tennis
1858,568e86f2cb.jpg,Tennis
1859,4f64c8f6ea.jpg,Wrestling
1860,1de74ed5b5.jpg,Badminton
1861,23f402e1f8.jpg,Tennis
1862,f185dd4295.jpg,Karate
1863,6e1e97e982.jpg,Cricket
1864,9c05ad5eff.jpg,Badminton
1865,d16ae21dda.jpg,Cricket
1866,c2f1a148a7.jpg,Karate
1867,59ead67b42.jpg,Cricket
1868,65d9883c50.jpg,Badminton
1869,bb3f6cb868.jpg,Cricket
1870,da36c5e4cf.jpg,Wrestling
1871,fe9dd71d8f.jpg,Cricket
1872,8f31f69d63.jpg,Cricket
1873,784522adf7.jpg,Karate
1874,85c7d1a734.jpg,Tennis
1875,a30d699fce.jpg,Badminton
1876,f2b149c3b2.jpg,Cricket
1877,c9abd7b0a9.jpg,Wrestling
1878,7f317d7f89.jpg,Wrestling
1879,3a9d83db5b.jpg,Wrestling
1880,9fb8025e3f.jpg,Cricket
1881,5a8f5e0095.jpg,Tennis
1882,d6aa21befb.jpg,Swimming
1883,685659acb0.jpg,Karate
1884,89c4563768.jpg,Tennis
1885,69f6d41258.jpg,Soccer
1886,5ca6862219.jpg,Karate
1887,06226c065f.jpg,Cricket
1888,092c6295cf.jpg,Tennis
1889,2d75407201.jpg,Tennis
1890,0a95785877.jpg,Wrestling
1891,6130f4f1d2.jpg,Badminton
1892,4c59a9858d.jpg,Tennis
1893,ab5c8f7532.jpg,Cricket
1894,a017dbc3e7.jpg,Badminton
1895,cf2dcfc287.jpg,Tennis
1896,e5119f0f0d.jpg,Soccer
1897,95fb1e8476.jpg,Wrestling
1898,60da802994.jpg,Wrestling
1899,0db545cfb4.jpg,Cricket
1900,b0a8914847.jpg,Tennis
1901,0e7ab8dcf5.jpg,Tennis
1902,0c82a1ab30.jpg,Karate
1903,cec541c941.jpg,Wrestling
1904,c3017.jpg,Tennis
1905,7f7e5d74ca.jpg,Wrestling
1906,0f1d01d4f3.jpg,Tennis
1907,e5c9b9e184.jpg,Tennis
1908,439d8f7439.jpg,Soccer
1909,5ae4c11c6b.jpg,Karate
1910,1feb474d8e.jpg,Tennis
1911,f3cb7819e0.jpg,Karate
1912,6b95432a77.jpg,Tennis
1913,fb33da826a.jpg,Soccer
1914,5d87e40640.jpg,Badminton
1915,c487d7e1a4.jpg,Cricket
1916,6e7bc06e41.jpg,Tennis
1917,e79a5430cd.jpg,Soccer
1918,8ba98744e2.jpg,Tennis
1919,aa8bebacb8.jpg,Badminton
1920,9214955654.jpg,Soccer
1921,7d5a389fc0.jpg,Tennis
1922,2ad0c9984d.jpg,Tennis
1923,17d9c6f603.jpg,Wrestling
1924,2df21968c7.jpg,Cricket
1925,5e12ea3010.jpg,Cricket
1926,635f2de96d.jpg,Cricket
1927,f4c1629718.jpg,Wrestling
1928,9b41a32d06.jpg,Tennis
1929,956da0a12d.jpg,Karate
1930,411e96b4b5.jpg,Soccer
1931,1f4332a4f0.jpg,Cricket
1932,975a05b863.jpg,Swimming
1933,8fdabc59dc.jpg,Badminton
1934,5a1bfc8b7d.jpg,Tennis
1935,a92fff76be.jpg,Tennis
1936,f3fbbdfeb8.jpg,Soccer
1937,a9df29e506.jpg,Tennis
1938,f4b67bd3e4.jpg,Cricket
1939,e9cfc3ae70.jpg,Soccer
1940,cf68567477.jpg,Cricket
1941,e04aed094d.jpg,Tennis
1942,e566dda85f.jpg,Wrestling
1943,c3020.jpg,Tennis
1944,c10006.jpg,Soccer
1945,4e5421f6d4.jpg,Soccer
1946,0f4d1d6e30.jpg,Badminton
1947,c3056.jpg,Soccer
1948,f96feeb38b.jpg,Soccer
1949,4353d4829c.jpg,Tennis
1950,44e382389f.jpg,Badminton
1951,99a7e1c045.jpg,Wrestling
1952,f5b17df14d.jpg,Karate
1953,fcf4f77093.jpg,Badminton
1954,10a6476433.jpg,Cricket
1955,13c450268e.jpg,Soccer
1956,65b1dad5b2.jpg,Soccer
1957,a03fb161d1.jpg,Karate
1958,c3019.jpg,Tennis
1959,c23a66849e.jpg,Cricket
1960,35c063aacd.jpg,Wrestling
1961,f8a0d5a00c.jpg,Soccer
1962,9cf99a6168.jpg,Badminton
1963,59a0e0030b.jpg,Tennis
1964,c3092.jpg,Tennis
1965,29302c6054.jpg,Badminton
1966,b106.jpg,Badminton
1967,020f5ea36a.jpg,Wrestling
1968,8d7d444ec9.jpg,Soccer
1969,67f16f4716.jpg,Badminton
1970,cbf93170cf.jpg,Karate
1971,df9cae5d15.jpg,Cricket
1972,58726ec972.jpg,Cricket
1973,e3c6a3e79c.jpg,Cricket
1974,cbdd0fbf6a.jpg,Wrestling
1975,3d8e2aab89.jpg,Tennis
1976,e7dada2d9c.jpg,Badminton
1977,7a7ff71d4a.jpg,Wrestling
1978,df316a64c9.jpg,Wrestling
1979,09d48e1faf.jpg,Tennis
1980,82c63618ff.jpg,Swimming
1981,ddcd093689.jpg,Tennis
1982,40eea1ebb9.jpg,Wrestling
1983,c0286da8fb.jpg,Cricket
1984,937ad5cb6f.jpg,Cricket
1985,6760ed4439.jpg,Badminton
1986,eb0b3286d6.jpg,Wrestling
1987,0ea64f6488.jpg,Cricket
1988,1be7306a83.jpg,Cricket
1989,4150c72b38.jpg,Tennis
1990,33b441a426.jpg,Badminton
1991,f414c0451d.jpg,Badminton
1992,e8c86e9cdb.jpg,Cricket
1993,39708632ba.jpg,Wrestling
1994,d8eba0168b.jpg,Soccer
1995,50fa598d6c.jpg,Badminton
1996,54778ee18f.jpg,Tennis
1997,c3082.jpg,Tennis
1998,2031cd5721.jpg,Soccer
1999,eee28b2e33.jpg,Karate
2000,c5060.jpg,Swimming
2001,dd6bad200b.jpg,Karate
2002,433be7ecb1.jpg,Soccer
2003,fad0634304.jpg,Badminton
2004,fe889fe4ad.jpg,Soccer
2005,0fc1717ad1.jpg,Badminton
2006,4573e18744.jpg,Wrestling
2007,294730f115.jpg,Tennis
2008,5f3cd3b6dd.jpg,Wrestling
2009,44e8e01741.jpg,Badminton
2010,0db0d9fbe3.jpg,Cricket
2011,9b8bd52ee7.jpg,Soccer
2012,a031f8d608.jpg,Tennis
2013,6194cf0b69.jpg,Wrestling
2014,693147352a.jpg,Badminton
2015,e82144fa85.jpg,Badminton
2016,1deb80beb0.jpg,Soccer
2017,5167d45c57.jpg,Badminton
2018,3e7e59f9c1.jpg,Cricket
2019,5a8486c7d8.jpg,Cricket
2020,249e539167.jpg,Wrestling
2021,6935523bc0.jpg,Tennis
2022,1a9584bdfc.jpg,Cricket
2023,c4cfa6db9f.jpg,Wrestling
2024,96fab1a91e.jpg,Tennis
2025,37c49f0efd.jpg,Wrestling
2026,c0f1bee54a.jpg,Soccer
2027,d7af1bc708.jpg,Tennis
2028,6ac29b9c3a.jpg,Badminton
2029,4c61d0b62c.jpg,Karate
2030,126ff44694.jpg,Badminton
2031,324f9abe4d.jpg,Soccer
2032,480e3d7cc5.jpg,Tennis
2033,834f8dbfe6.jpg,Tennis
2034,4cff41ef19.jpg,Badminton
2035,e57565403e.jpg,Karate
2036,40bb94ada3.jpg,Cricket
2037,cd750de6a9.jpg,Tennis
2038,ee3e413954.jpg,Tennis
2039,2ce5c16690.jpg,Tennis
2040,1faacaf51b.jpg,Badminton
2041,8140ccbd95.jpg,Badminton
2042,ba9446a1fb.jpg,Tennis
2043,b6b8d1cce6.jpg,Karate
2044,99997520c4.jpg,Karate
2045,53fdd77bb8.jpg,Soccer
2046,5f98992264.jpg,Soccer
2047,685daf2a13.jpg,Cricket
2048,0e0fca88a6.jpg,Tennis
2049,4c6c9114e9.jpg,Wrestling
2050,c2498ed5ff.jpg,Badminton
2051,7be6c552a7.jpg,Tennis
2052,4c9427f2a5.jpg,Swimming
2053,0f429ae0d4.jpg,Wrestling
2054,a6557bedd9.jpg,Badminton
2055,76266fd445.jpg,Cricket
